{
	"info": {
		"_postman_id": "575226fe-6e05-4ba6-9769-8ee007379e6e",
		"name": "SpaceXAPI",
		"schema": "https://schema.getpostman.com/json/collection/v2.1.0/collection.json"
	},
	"item": [
		{
			"name": "spaceXApi",
			"event": [
				{
					"listen": "test",
					"script": {
						"id": "764e5362-34ec-43b3-8391-63488638d599",
						"exec": [
							"//TC01 - Verify Status\r",
							"var expectedStatus = 200;\r",
							"pm.test(\"Status Code is \", function(){\r",
							"pm.response.to.have.status(expectedStatus);\r",
							"});\r",
							"\r",
							"//TC02 - Verify ID\"\r",
							"var expectedId = \"5ef6a1e90050c33cee4a828a\";\r",
							"const responseJson =pm.response.json();\r",
							"pm.test(\"id is \", function(){\r",
							"pm.expect(responseJson.id).is.to.equal(expectedId);\r",
							"});\r",
							"\r",
							"//TC03 - Verify Content-Type\"\r",
							"pm.test(\"Content-Type is \", () => {\r",
							"pm.expect(pm.response.headers.get('Content-Type')).is.eql('application/json; charset=utf-8');\r",
							"});\r",
							"\r",
							"//TC04 - Verify Rocket Number\r",
							"var jsonData = pm.response.json();\r",
							"var expectedRocketNum = \"5e9d0d95eda69973a809d1ec\";\r",
							"pm.test(\"Rocket is \", function(){\r",
							"pm.expect(jsonData.rocket).is.to.equal(expectedRocketNum);\r",
							"});\r",
							"\r",
							"//TC05 - Verify Launch Pad\r",
							"var jsonData = pm.response.json();\r",
							"var expectedLaunchPad = \"5e9e4502f50904188566f88\";\r",
							"pm.test(\"Rocket is \", function(){\r",
							"pm.expect(jsonData.launchpad).is.to.equal(expectedLaunchPad);\r",
							"});\r",
							"\r",
							"//TC06 - Verify Flight Number\r",
							"var jsonData = pm.response.json();\r",
							"var expectedFlightNum = 102;\r",
							"pm.test(\"Flight Number is \", function(){\r",
							"pm.expect(jsonData.flight_number).is.to.equal(expectedFlightNum);\r",
							"});\r",
							"\r",
							"//TC07 - Verify Array Object\r",
							"const jsonDataArray = pm.response.json();\r",
							"var expectedPayload = \"5ef6a4600059c33cee4a829e\";\r",
							"pm.test(\"Array Object is \", function(){\r",
							"pm.expect(jsonDataArray.capsules).to.be.empty;\r",
							"pm.expect(jsonDataArray.payloads).to.include(expectedPayload);\r",
							"});\r",
							"\r",
							"//TC08 - Verify SchemaArray Object\r",
							"const jsonDataSchemaArray = pm.response.json();\r",
							"var expectedCore = \"5ef670f10059c33cee4a826c\";\r",
							"var expectedFlight = 2;\r",
							"var expectedGridFins = \"true\";\r",
							"var expectedLegs = \"true\";\r",
							"pm.test(\"Array Schema Response is \", () => {\r",
							"    const coreJsonSchema = jsonData.cores.find\r",
							"    (m => m.core == expectedCore);\r",
							"    (m => m.flight == expectedFlight);\r",
							"    (m => m.gridfins == expectedGridFins);\r",
							"    (m => m.legs == expectedLegs);\r",
							"});\r",
							"\r",
							"//TC 09 - Verify Message Validation\r",
							"var jsonData=pm.response.json();\r",
							"var expectedMsg = \"This mission will launch the eleventh batch of operational Starlink satellites, which are expected to be version 1.0, from SLC-40, Cape Canaveral Air Force Station. It is the twelth Starlink launch overall. The satellites will be delivered to low Earth orbit and will send a few weeks maneuvering to their opeartional altitude of 550 km. The booster for this mission to land on ASDS.\";\r",
							"pm.test(\"Verify Message\", function() {\r",
							"pm.expect(jsonData.details).is.to.equal(expectedMsg);\r",
							"});\r",
							"\r",
							"\r",
							"//TC 10 - Verify Invalid Message Validation (Negative)\r",
							"var jsonData=pm.response.json();\r",
							"var expectedMsg = \"This mission will launch the eleventh batch of operational Starlink satellites, which are expected to be version 1.0, from SLC-40, Cape Canaveral Air Force Station. It is the twelth Starlink launch overall. The satellites will be delivered to low Earth orbit and will send a few weeks maneuvering to their opeartional altitude of 550 km. The booster for this mission to land on ASDS. Invalid\";\r",
							"pm.test(\"Verify Message\", function() {\r",
							"pm.expect(jsonData.details).is.to.equal(expectedMsg);\r",
							"});\r",
							"\r",
							"//TC 11 - Verify Response Time\r",
							"pm.test(\"Response time is less than 500ms\", () => {\r",
							"    pm.expect(pm.response.responseTime).to.be.below(500)\r",
							"})"
						],
						"type": "text/javascript"
					}
				}
			],
			"request": {
				"auth": {
					"type": "noauth"
				},
				"method": "GET",
				"header": [],
				"url": {
					"raw": "https://api.spacexdata.com/v4/launches/latest",
					"protocol": "https",
					"host": [
						"api",
						"spacexdata",
						"com"
					],
					"path": [
						"v4",
						"launches",
						"latest"
					]
				}
			},
			"response": []
		}
	],
	"protocolProfileBehavior": {}
}